impressionID,Datetime,Product,isRecommended,isClicked,isPurchased,isPersonalized
1,2022-12-01 01:06:49,French Bread,1,0,0,0
2,2023-02-25 04:07:31,Sugar Cookie,0,0,0,0
3,2023-01-01 03:35:27,Cold Brew Coffee,0,0,0,1
4,2022-08-15 18:18:22,Dark Roast Coffee,0,1,1,0
5,2022-12-19 10:14:04,Dark Roast Coffee,1,1,1,1
6,2022-12-03 13:02:56,Macchiato,0,0,0,1
7,2022-07-22 21:57:00,French Bread,1,1,0,1
8,2022-09-06 23:01:27,French Bread,0,1,0,0
9,2023-01-08 18:23:50,Dark Roast Coffee,1,0,0,0
10,2022-11-16 20:52:35,Macchiato,1,1,1,1
11,2022-07-16 02:23:33,Croissant,0,0,0,0
12,2022-09-03 16:31:47,Macchiato,1,0,1,0
13,2022-10-15 04:02:10,Macchiato,0,1,1,0
14,2022-11-04 04:47:11,Macchiato,1,0,1,1
15,2022-06-06 07:26:39,Macchiato,0,1,1,0
16,2022-10-25 00:43:03,Baguette,1,0,1,1
17,2023-01-10 21:24:27,Cold Brew Coffee,1,1,0,0
18,2022-07-13 13:20:19,Chocolate Chip Cookie,0,1,0,0
19,2023-05-13 05:00:26,Croissant,0,0,0,1
20,2023-02-09 13:54:40,Espresso,1,0,1,1
21,2023-02-02 10:07:08,Espresso,0,1,1,1
22,2022-06-01 07:12:50,Croissant,1,1,0,1
23,2022-11-11 01:06:07,Macchiato,0,1,1,1
24,2023-04-03 00:04:12,Croissant,0,1,1,0
25,2022-07-03 09:53:05,Espresso,1,1,0,0
26,2022-08-08 21:22:12,Sugar Cookie,0,1,0,0
27,2023-03-20 03:04:10,Chocolate Chip Cookie,1,0,1,1
28,2022-08-14 12:53:09,Espresso,0,0,1,0
29,2023-01-15 23:11:10,Baguette,1,0,1,0
30,2023-03-24 03:32:35,Macchiato,1,0,0,1
31,2023-02-24 21:17:06,Baguette,0,1,1,0
32,2022-08-04 15:17:32,Macchiato,1,0,0,0
33,2022-08-28 15:32:10,Sugar Cookie,1,0,1,0
34,2022-09-27 21:41:09,Croissant,0,1,0,1
35,2022-12-25 05:48:33,Croissant,0,0,0,1
36,2022-08-29 01:05:20,Croissant,0,1,0,1
37,2023-02-25 07:11:13,Cold Brew Coffee,1,0,1,0
38,2022-11-23 21:30:27,Baguette,1,1,1,1
39,2022-10-25 22:56:31,Cold Brew Coffee,0,0,0,1
40,2022-09-11 13:49:39,Croissant,0,0,1,0
41,2022-11-02 01:39:24,Baguette,0,1,0,0
42,2023-04-20 22:22:08,Espresso,1,0,1,1
43,2022-08-21 10:52:12,Cinnamon Raisin Cookie,0,1,0,0
44,2023-05-04 05:16:48,Croissant,0,1,1,1
45,2022-06-22 22:59:09,Sugar Cookie,1,0,1,0
46,2022-08-20 15:30:22,Cold Brew Coffee,0,1,1,1
47,2022-07-13 21:56:15,Chocolate Chip Cookie,0,0,0,0
48,2022-05-23 22:38:06,Chocolate Chip Cookie,1,1,0,0
49,2022-12-01 21:56:10,Macchiato,1,1,0,1
50,2022-08-28 03:44:22,Cinnamon Raisin Cookie,0,1,0,1
51,2022-07-19 12:45:22,Dark Roast Coffee,0,1,1,0
52,2022-10-09 04:29:20,Baguette,1,0,0,1
53,2023-01-16 15:50:56,Dark Roast Coffee,1,0,1,1
54,2023-03-04 18:36:57,Croissant,0,1,1,1
55,2022-10-30 10:27:06,Espresso,0,1,0,1
56,2023-04-13 13:57:05,Cold Brew Coffee,0,1,0,1
57,2022-08-17 08:01:47,Chocolate Chip Cookie,1,1,0,1
58,2022-09-14 01:56:19,French Bread,0,1,1,0
59,2022-07-06 01:36:05,Dark Roast Coffee,0,0,0,0
60,2023-03-25 07:36:54,Cinnamon Raisin Cookie,1,0,0,1
61,2022-09-27 22:52:26,Cold Brew Coffee,1,1,0,1
62,2023-05-07 12:52:46,Chocolate Chip Cookie,0,1,1,1
63,2023-03-31 19:18:32,Macchiato,0,0,0,1
64,2022-08-23 07:51:46,Chocolate Chip Cookie,0,1,1,1
65,2022-07-28 04:42:32,Macchiato,0,1,1,0
66,2022-11-19 22:44:33,Macchiato,1,1,1,1
67,2022-07-11 05:01:22,Dark Roast Coffee,0,0,1,1
68,2022-11-25 05:42:18,Dark Roast Coffee,1,1,1,1
69,2023-05-09 21:00:52,Macchiato,1,1,0,0
70,2022-12-04 12:48:38,Espresso,0,0,0,1
71,2023-03-26 18:38:38,Cold Brew Coffee,1,0,1,0
72,2023-01-19 16:31:21,Croissant,0,0,0,0
73,2023-05-10 01:44:38,Sugar Cookie,1,1,0,0
74,2023-05-14 15:37:57,Dark Roast Coffee,0,1,0,0
75,2022-07-16 18:50:38,Macchiato,1,0,0,0
76,2023-03-26 22:05:33,Croissant,0,0,1,1
77,2023-01-08 07:34:59,Sugar Cookie,1,0,1,0
78,2022-08-24 23:12:49,French Bread,1,1,1,0
79,2022-11-10 04:15:40,Baguette,0,0,0,0
80,2022-10-27 18:22:05,Cold Brew Coffee,1,1,1,0
81,2022-07-10 07:03:55,Baguette,1,0,1,1
82,2022-10-22 13:52:14,Sugar Cookie,0,1,1,0
83,2022-11-08 21:52:19,Cold Brew Coffee,1,1,0,1
84,2023-04-19 07:17:13,Dark Roast Coffee,0,1,0,1
85,2022-09-11 11:53:03,Espresso,1,0,1,0
86,2023-03-22 06:51:01,Espresso,1,1,0,0
87,2022-11-01 17:32:30,Macchiato,0,1,1,1
88,2022-07-04 22:22:16,Espresso,1,0,0,1
89,2022-12-31 03:52:53,Macchiato,1,1,1,1
90,2022-06-02 17:53:17,Sugar Cookie,0,1,1,1
91,2023-01-29 22:08:38,Cold Brew Coffee,0,1,1,0
92,2023-02-19 13:30:24,Dark Roast Coffee,0,1,0,0
93,2023-01-27 14:04:18,Croissant,1,1,1,1
94,2022-10-03 19:40:55,French Bread,1,0,1,0
95,2023-04-03 02:24:54,Cinnamon Raisin Cookie,1,0,1,0
96,2023-03-30 09:34:53,Cold Brew Coffee,1,0,1,0
97,2022-12-08 15:07:41,Dark Roast Coffee,1,1,1,1
98,2023-03-26 07:19:17,Baguette,0,1,1,1
99,2022-10-14 07:12:54,Baguette,0,0,1,0
100,2022-09-08 20:12:34,Cinnamon Raisin Cookie,1,1,1,0
101,2022-11-29 21:43:01,Sugar Cookie,0,0,0,0
102,2022-09-28 17:45:48,Cold Brew Coffee,0,0,0,1
103,2022-08-16 04:22:17,Cold Brew Coffee,0,1,0,0
104,2022-07-27 20:04:05,Espresso,1,0,1,0
105,2022-10-19 00:55:09,Macchiato,1,0,1,0
106,2022-10-15 18:10:06,Macchiato,0,0,0,0
107,2023-03-06 06:00:49,Cinnamon Raisin Cookie,1,1,0,1
108,2022-05-31 14:15:01,Espresso,1,0,0,0
109,2023-04-16 09:52:59,Chocolate Chip Cookie,0,1,0,0
110,2022-09-14 07:59:01,Cold Brew Coffee,1,1,1,1
111,2022-07-02 14:43:21,French Bread,0,1,0,1
112,2023-03-20 02:28:00,Chocolate Chip Cookie,1,0,1,0
113,2023-01-18 10:25:30,Sugar Cookie,1,0,1,1
114,2023-01-30 17:31:35,Cold Brew Coffee,1,0,1,1
115,2023-01-28 05:42:07,Chocolate Chip Cookie,1,1,0,1
116,2023-01-05 11:48:34,Croissant,0,0,0,1
117,2023-05-06 23:28:17,Croissant,0,0,0,1
118,2023-01-14 17:23:15,Dark Roast Coffee,1,1,1,1
119,2022-09-26 05:52:52,Espresso,0,0,1,1
120,2022-12-18 17:37:54,Espresso,0,0,1,0
121,2023-01-20 13:01:06,Cinnamon Raisin Cookie,0,1,0,0
122,2022-10-26 17:22:38,Espresso,1,0,1,1
123,2022-08-12 18:15:11,Espresso,1,0,1,1
124,2023-04-01 22:36:42,Chocolate Chip Cookie,1,1,0,0
125,2022-10-12 19:34:41,Espresso,1,1,0,1
126,2023-03-01 11:03:57,Croissant,0,1,0,0
127,2023-03-05 14:40:23,Dark Roast Coffee,1,1,0,1
128,2022-09-12 16:35:14,Croissant,0,0,1,1
129,2022-10-15 15:37:45,Macchiato,0,0,1,0
130,2023-03-18 04:11:21,Cold Brew Coffee,1,1,0,1
131,2022-09-07 10:08:47,Baguette,1,1,0,1
132,2022-12-07 01:05:00,Macchiato,1,0,1,1
133,2023-02-11 09:18:15,Sugar Cookie,1,1,1,1
134,2022-09-11 23:12:55,Baguette,1,0,1,0
135,2022-08-11 16:16:48,Cold Brew Coffee,1,0,0,0
136,2023-01-20 00:02:36,Espresso,0,1,0,0
137,2022-08-27 10:40:56,Chocolate Chip Cookie,0,0,0,1
138,2023-02-10 09:21:40,French Bread,0,1,1,1
139,2023-02-01 02:17:42,French Bread,1,0,1,1
140,2023-02-06 04:24:02,Baguette,1,0,0,1
141,2022-12-20 20:42:50,Macchiato,1,0,1,1
142,2022-12-04 01:33:03,Dark Roast Coffee,0,0,0,0
143,2023-01-03 20:31:24,Espresso,0,1,1,0
144,2022-10-26 09:20:35,Macchiato,1,0,0,0
145,2022-11-01 13:56:23,Chocolate Chip Cookie,1,1,1,1
146,2022-08-13 08:49:06,Macchiato,1,1,1,0
147,2023-04-06 13:42:39,Chocolate Chip Cookie,1,0,1,0
148,2022-09-22 03:11:31,Macchiato,0,0,0,0
149,2022-06-02 11:48:46,Espresso,1,1,1,1
150,2022-09-30 04:15:42,Dark Roast Coffee,1,0,1,1
151,2022-05-26 19:36:47,Espresso,1,0,1,0
152,2022-10-04 06:04:33,Croissant,0,1,1,0
153,2022-09-22 04:55:13,Cold Brew Coffee,1,0,1,1
154,2023-05-11 22:59:15,Espresso,0,0,1,1
155,2022-12-05 10:42:54,Dark Roast Coffee,0,1,0,0
156,2022-07-13 12:58:00,Espresso,0,0,1,1
157,2022-05-29 21:08:17,Croissant,0,0,1,1
158,2023-02-19 21:18:42,Macchiato,1,1,1,0
159,2023-03-31 22:54:31,French Bread,1,1,0,0
160,2022-12-30 10:38:17,Dark Roast Coffee,0,1,0,0
161,2022-06-01 15:35:31,Croissant,0,1,0,1
162,2022-10-25 13:57:31,Espresso,0,0,0,1
163,2022-10-01 20:23:45,Macchiato,0,1,0,1
164,2023-03-01 21:04:29,Macchiato,0,0,1,0
165,2023-02-27 08:35:37,Croissant,1,1,0,1
166,2022-12-17 12:43:31,Chocolate Chip Cookie,0,1,1,1
167,2022-07-29 06:51:09,French Bread,0,0,1,1
168,2022-12-28 09:16:04,Macchiato,1,0,0,0
169,2022-07-17 01:55:34,Sugar Cookie,0,1,1,0
170,2023-01-12 20:35:15,Macchiato,0,0,1,0
171,2023-04-22 05:59:28,Espresso,1,1,0,0
172,2022-12-22 14:11:30,Chocolate Chip Cookie,0,1,1,0
173,2022-07-28 01:01:11,Macchiato,1,1,1,0
174,2022-08-17 14:31:02,Croissant,0,1,0,1
175,2023-05-15 10:55:20,Cold Brew Coffee,0,0,0,0
176,2023-05-03 17:16:24,Espresso,1,0,1,1
177,2022-09-17 20:53:13,Baguette,1,0,1,1
178,2022-05-26 20:13:49,Dark Roast Coffee,0,1,1,0
179,2023-03-04 02:00:32,Cold Brew Coffee,0,0,0,0
180,2022-06-21 10:31:27,Dark Roast Coffee,1,1,1,0
181,2022-08-16 05:43:09,French Bread,0,0,0,0
182,2022-09-04 11:12:34,Dark Roast Coffee,0,1,1,1
183,2022-06-08 07:41:22,Macchiato,1,0,1,0
184,2023-04-29 12:42:32,Dark Roast Coffee,1,0,1,0
185,2023-04-24 03:41:23,Chocolate Chip Cookie,0,0,0,1
186,2022-05-21 04:09:43,Cinnamon Raisin Cookie,0,1,1,1
187,2023-03-14 18:50:04,Dark Roast Coffee,0,1,0,1
188,2023-01-10 00:55:04,Espresso,1,1,0,0
189,2022-05-22 11:40:28,French Bread,1,1,1,1
190,2022-11-07 19:59:54,Macchiato,0,0,1,0
191,2022-07-17 15:52:20,French Bread,1,1,0,0
192,2022-12-27 08:30:30,Cold Brew Coffee,1,1,0,1
193,2022-11-23 13:23:16,Croissant,1,1,0,0
194,2023-01-03 15:47:42,Cold Brew Coffee,0,0,1,1
195,2022-08-01 07:53:32,Macchiato,1,0,0,1
196,2022-07-20 17:51:14,Espresso,1,0,0,1
197,2022-06-01 00:12:36,Baguette,1,1,1,0
198,2022-08-19 12:31:39,Chocolate Chip Cookie,1,0,0,0
199,2022-06-13 11:38:11,Chocolate Chip Cookie,1,1,0,0
200,2023-03-26 10:59:08,Chocolate Chip Cookie,1,1,0,0
201,2022-08-20 15:20:01,Macchiato,1,1,1,1
202,2022-08-21 09:14:46,Chocolate Chip Cookie,0,1,1,1
203,2022-05-22 22:56:33,Cold Brew Coffee,0,1,0,0
204,2022-10-16 14:34:39,French Bread,1,1,1,0
205,2022-07-22 20:09:29,Croissant,0,0,0,0
206,2022-11-22 13:59:40,Baguette,0,1,0,0
207,2022-12-17 03:03:25,Espresso,1,0,0,1
208,2022-09-14 02:57:18,Chocolate Chip Cookie,1,0,0,1
209,2022-10-25 19:57:57,French Bread,0,0,0,1
210,2023-02-19 23:39:20,Chocolate Chip Cookie,1,0,1,0
211,2023-03-01 09:30:35,French Bread,0,1,0,1
212,2023-03-16 23:44:02,Cinnamon Raisin Cookie,0,1,0,1
213,2022-09-17 10:02:36,Baguette,0,1,1,0
214,2022-08-12 12:09:14,Chocolate Chip Cookie,1,0,1,0
215,2022-07-17 04:18:57,Cold Brew Coffee,1,1,1,0
216,2023-03-15 16:43:28,Espresso,1,1,1,0
217,2023-03-25 05:08:14,French Bread,1,0,0,1
218,2023-03-26 15:14:17,Sugar Cookie,1,0,0,0
219,2022-11-13 07:02:04,Dark Roast Coffee,0,0,1,0
220,2022-06-25 18:29:44,Cold Brew Coffee,0,0,0,1
221,2022-06-03 20:44:11,Cold Brew Coffee,0,0,0,1
222,2022-06-30 05:47:25,Croissant,0,0,1,0
223,2022-06-28 08:39:55,Chocolate Chip Cookie,0,1,0,1
224,2023-02-03 06:03:20,Dark Roast Coffee,0,1,1,0
225,2023-05-09 01:42:26,Cold Brew Coffee,1,0,0,0
226,2022-05-26 04:22:25,Chocolate Chip Cookie,0,1,1,1
227,2022-12-17 14:11:24,Macchiato,1,0,0,1
228,2022-11-04 11:36:10,Cold Brew Coffee,0,0,0,0
229,2022-11-19 21:14:39,Croissant,1,1,1,0
230,2022-08-29 07:57:26,Sugar Cookie,0,0,0,0
231,2023-02-07 01:29:44,Espresso,1,0,1,0
232,2022-09-15 14:05:08,Dark Roast Coffee,0,1,1,0
233,2022-12-10 16:48:27,Croissant,0,1,1,0
234,2022-11-10 23:26:41,Macchiato,1,0,0,0
235,2023-05-09 06:21:14,Espresso,1,1,1,0
236,2022-05-27 12:53:21,French Bread,0,1,0,0
237,2022-07-14 18:36:20,Cold Brew Coffee,1,0,1,1
238,2022-11-05 22:44:11,Cold Brew Coffee,1,1,0,1
239,2022-10-14 22:30:33,Cinnamon Raisin Cookie,1,1,1,0
240,2022-10-29 20:06:10,French Bread,1,0,1,0
241,2023-01-15 01:38:40,Cinnamon Raisin Cookie,1,0,0,0
242,2022-08-10 13:07:55,Sugar Cookie,1,1,0,0
243,2023-02-14 21:22:31,Espresso,1,0,1,0
244,2022-10-08 02:44:57,Espresso,1,0,0,1
245,2022-07-10 00:19:53,Chocolate Chip Cookie,0,0,0,1
246,2022-11-27 02:26:47,Baguette,0,0,1,0
247,2022-10-26 17:15:57,Cold Brew Coffee,1,0,0,0
248,2022-12-03 19:55:55,Croissant,1,0,0,0
249,2023-05-11 04:53:10,Macchiato,0,0,1,1
250,2022-06-29 23:34:18,Sugar Cookie,1,0,0,0
251,2022-06-03 23:04:21,Dark Roast Coffee,0,1,0,1
252,2022-05-20 06:18:07,Cold Brew Coffee,0,1,1,0
253,2022-12-23 22:30:19,Dark Roast Coffee,0,0,1,1
254,2022-06-17 04:05:51,Croissant,0,0,0,0
255,2022-07-17 03:19:10,Sugar Cookie,1,1,0,1
256,2022-06-01 23:04:32,Croissant,1,1,1,0
257,2022-11-16 09:46:36,Dark Roast Coffee,1,1,1,0
258,2022-08-16 05:42:02,Dark Roast Coffee,0,1,1,0
259,2022-07-08 11:27:25,Croissant,1,0,0,1
260,2022-06-19 03:37:33,Chocolate Chip Cookie,1,0,1,1
261,2023-01-31 10:37:18,Cold Brew Coffee,0,0,0,0
262,2022-09-11 03:07:49,Macchiato,1,0,1,1
263,2023-03-03 16:53:49,Dark Roast Coffee,0,1,0,1
264,2022-11-29 08:13:00,Espresso,1,1,0,0
265,2023-01-18 12:12:50,Cinnamon Raisin Cookie,0,1,0,0
266,2023-04-11 08:57:54,Macchiato,0,1,0,1
267,2023-04-28 18:44:29,Chocolate Chip Cookie,1,0,1,1
268,2022-06-01 02:09:18,Cold Brew Coffee,0,1,1,1
269,2023-02-13 22:15:19,Dark Roast Coffee,0,0,0,1
270,2022-06-15 09:24:23,French Bread,0,0,1,1
271,2023-01-28 20:49:14,Cold Brew Coffee,1,0,1,0
272,2022-12-21 04:49:26,Macchiato,1,1,1,1
273,2022-07-03 10:20:38,Cold Brew Coffee,0,0,1,0
274,2022-06-28 18:45:46,Croissant,1,0,0,0
275,2022-07-09 20:24:24,Dark Roast Coffee,1,0,0,0
276,2023-03-01 11:49:37,Cold Brew Coffee,0,0,0,0
277,2023-04-27 22:07:02,Croissant,0,1,1,0
278,2022-09-20 10:48:58,Cinnamon Raisin Cookie,0,1,1,1
279,2023-03-22 15:43:58,Baguette,0,0,1,1
280,2023-02-06 14:39:12,Croissant,0,0,0,0
281,2022-05-26 00:57:39,Dark Roast Coffee,0,1,1,0
282,2022-12-30 17:46:30,Macchiato,1,0,0,0
283,2022-08-21 21:47:49,Espresso,1,1,0,0
284,2022-07-11 23:07:52,Cold Brew Coffee,0,0,0,1
285,2022-07-10 21:29:26,Chocolate Chip Cookie,1,1,1,1
286,2022-12-29 03:11:21,Cold Brew Coffee,0,1,0,0
287,2022-08-15 17:47:49,Espresso,1,0,0,1
288,2022-07-18 14:46:07,Macchiato,1,0,1,1
289,2022-08-29 10:27:36,Espresso,0,1,0,1
290,2022-05-22 16:05:54,Croissant,0,0,0,0
291,2022-10-12 07:59:23,Baguette,0,1,0,1
292,2022-06-05 03:55:35,French Bread,1,0,0,0
293,2022-07-09 18:00:09,Espresso,1,1,1,1
294,2022-11-27 08:23:24,French Bread,1,1,0,1
295,2023-04-07 07:13:41,Croissant,0,1,1,0
296,2023-03-02 17:06:36,Baguette,0,1,1,1
297,2022-08-10 18:31:36,Cold Brew Coffee,1,1,0,1
298,2023-05-08 15:43:29,Baguette,0,1,1,1
299,2022-09-28 17:20:30,Cinnamon Raisin Cookie,0,1,0,1
300,2023-04-08 07:24:19,Espresso,1,0,0,1
301,2023-01-06 21:46:07,Dark Roast Coffee,1,1,1,0
302,2022-10-04 09:04:22,Cold Brew Coffee,0,0,0,1
303,2022-11-16 05:57:14,Espresso,0,0,1,1
304,2022-05-28 03:44:31,Chocolate Chip Cookie,0,0,0,1
305,2022-10-25 15:52:20,Macchiato,0,1,0,1
306,2023-01-13 08:53:16,Cold Brew Coffee,0,1,1,1
307,2022-06-17 18:00:11,French Bread,0,0,0,0
308,2023-03-22 20:38:11,Macchiato,1,1,0,0
309,2022-09-01 03:11:08,Chocolate Chip Cookie,1,0,1,1
310,2022-12-13 22:30:58,Cold Brew Coffee,0,0,1,1
311,2023-04-27 20:58:17,Baguette,1,1,0,1
312,2023-03-13 02:33:50,Croissant,0,1,0,1
313,2022-08-08 21:50:13,Cinnamon Raisin Cookie,1,1,0,0
314,2022-11-24 15:12:39,Baguette,0,1,1,0
315,2022-07-30 12:21:39,Chocolate Chip Cookie,1,0,1,0
316,2022-12-27 22:04:22,Macchiato,0,0,1,0
317,2022-10-08 02:10:10,Chocolate Chip Cookie,0,0,0,1
318,2022-06-28 20:30:35,Croissant,1,0,1,0
319,2023-04-29 06:41:07,Croissant,1,1,0,0
320,2023-03-15 07:10:25,Sugar Cookie,0,0,1,1
321,2023-01-10 02:01:02,Dark Roast Coffee,0,1,0,0
322,2022-05-19 18:06:57,Croissant,0,0,0,0
323,2022-05-26 09:06:20,Baguette,0,1,1,1
324,2022-12-22 08:30:57,Dark Roast Coffee,0,1,1,1
325,2023-02-06 21:48:15,Espresso,1,1,0,0
326,2022-06-16 09:27:19,Macchiato,0,0,1,1
327,2022-11-20 11:59:54,Cold Brew Coffee,1,0,0,1
328,2022-12-08 14:58:11,Cold Brew Coffee,1,1,1,1
329,2022-10-28 11:39:26,Espresso,0,0,1,0
330,2022-09-05 18:25:14,Macchiato,0,0,0,0
331,2022-07-31 12:08:22,Macchiato,0,0,0,1
332,2022-11-25 04:27:00,Chocolate Chip Cookie,1,1,0,0
333,2023-02-23 19:24:06,Dark Roast Coffee,0,1,0,0
334,2022-11-23 20:33:05,Cold Brew Coffee,1,0,0,1
335,2022-07-05 09:26:49,Baguette,0,0,0,0
336,2022-07-11 00:46:49,Cinnamon Raisin Cookie,1,0,0,0
337,2023-03-20 03:23:15,Cold Brew Coffee,1,1,1,1
338,2022-11-20 00:28:22,Macchiato,1,0,0,0
339,2023-02-27 18:05:07,Chocolate Chip Cookie,0,1,0,1
340,2023-02-24 10:22:43,Espresso,0,1,1,1
341,2022-06-14 19:09:49,Espresso,1,0,0,1
342,2023-04-23 01:37:13,Espresso,1,1,0,0
343,2023-03-25 17:25:48,Macchiato,0,1,1,0
344,2022-10-19 19:09:34,Baguette,1,1,1,0
345,2022-05-25 20:53:44,Chocolate Chip Cookie,1,0,0,1
346,2022-06-12 06:42:30,Croissant,1,1,0,0
347,2023-02-13 05:17:08,Chocolate Chip Cookie,0,1,0,0
348,2023-01-30 22:17:13,Croissant,1,1,0,0
349,2023-04-03 10:00:28,Cold Brew Coffee,1,0,1,0
350,2023-01-24 03:18:40,Cold Brew Coffee,0,0,1,1
351,2022-11-22 02:55:12,French Bread,1,1,1,0
352,2022-11-22 16:52:52,Macchiato,0,0,1,1
353,2023-01-16 21:32:30,Espresso,1,0,1,1
354,2022-05-24 20:21:53,Cold Brew Coffee,0,1,1,1
355,2023-05-07 14:19:11,Chocolate Chip Cookie,1,0,1,1
356,2023-03-29 13:59:25,Macchiato,1,0,1,0
357,2023-05-05 13:10:24,Dark Roast Coffee,0,1,0,1
358,2023-05-15 03:13:55,Dark Roast Coffee,0,0,0,0
359,2022-07-04 03:33:15,Cinnamon Raisin Cookie,0,1,0,1
360,2023-02-14 07:18:08,Cold Brew Coffee,0,0,1,0
361,2023-01-10 15:28:32,Croissant,1,1,0,0
362,2022-06-11 09:48:18,Macchiato,0,0,0,0
363,2022-09-19 08:36:39,Macchiato,0,1,0,1
364,2023-03-03 19:05:24,Chocolate Chip Cookie,1,0,1,0
365,2023-01-18 15:45:41,Espresso,1,1,0,1
366,2022-07-21 19:38:23,Baguette,1,0,0,1
367,2023-03-23 00:35:17,Macchiato,0,1,0,1
368,2022-12-24 05:08:22,Baguette,1,0,1,1
369,2022-10-17 11:12:01,Chocolate Chip Cookie,0,0,0,0
370,2023-04-27 04:39:03,Croissant,0,1,1,1
371,2023-04-03 07:29:07,Dark Roast Coffee,1,1,1,0
372,2023-04-09 06:52:19,Espresso,0,1,1,1
373,2022-12-27 07:27:54,Chocolate Chip Cookie,0,0,1,1
374,2022-12-30 23:20:54,French Bread,0,0,0,1
375,2023-01-01 11:12:54,Dark Roast Coffee,1,0,0,1
376,2023-03-22 11:17:12,Macchiato,1,1,1,0
377,2022-08-02 10:18:10,Cold Brew Coffee,1,0,1,0
378,2022-10-21 12:00:42,Dark Roast Coffee,0,0,1,1
379,2022-11-14 08:34:59,French Bread,0,0,0,1
380,2022-09-20 17:52:44,Dark Roast Coffee,0,1,1,1
381,2023-04-18 13:31:55,Chocolate Chip Cookie,1,0,0,1
382,2023-01-19 13:48:05,Sugar Cookie,1,1,1,1
383,2022-06-24 12:51:35,Croissant,1,0,1,1
384,2022-05-17 10:35:25,Chocolate Chip Cookie,1,1,1,0
385,2022-10-20 04:51:45,Cinnamon Raisin Cookie,0,0,1,0
386,2023-02-11 11:34:46,Cold Brew Coffee,0,0,0,1
387,2023-01-06 19:16:27,Chocolate Chip Cookie,0,1,1,1
388,2023-02-06 10:55:18,Baguette,1,0,0,1
389,2022-08-25 19:16:11,Dark Roast Coffee,0,1,0,0
390,2022-09-10 18:40:30,Chocolate Chip Cookie,1,1,1,0
391,2023-04-26 01:46:25,Chocolate Chip Cookie,1,1,1,0
392,2022-12-12 23:52:55,Chocolate Chip Cookie,0,1,1,0
393,2022-12-11 02:31:21,Cinnamon Raisin Cookie,0,1,0,1
394,2022-07-18 06:20:15,Chocolate Chip Cookie,1,0,0,1
395,2022-11-18 22:38:27,Macchiato,0,0,0,0
396,2022-10-06 21:25:53,Baguette,0,0,1,1
397,2022-05-19 01:32:53,Dark Roast Coffee,1,1,1,0
398,2023-04-28 16:13:18,Croissant,0,0,0,1
399,2022-06-20 18:39:49,Dark Roast Coffee,0,1,0,1
400,2023-01-15 16:52:53,Macchiato,1,0,1,1
401,2022-08-30 00:45:00,Croissant,1,0,0,1
402,2022-08-24 06:27:53,Dark Roast Coffee,1,1,0,0
403,2023-05-07 03:31:14,Cold Brew Coffee,0,1,0,1
404,2023-03-25 14:41:14,Sugar Cookie,1,1,1,0
405,2022-11-19 14:52:35,Dark Roast Coffee,1,1,0,1
406,2022-06-30 07:37:45,Chocolate Chip Cookie,0,0,0,1
407,2022-09-27 02:27:34,Croissant,0,1,1,1
408,2022-11-10 13:43:20,Cinnamon Raisin Cookie,1,0,0,1
409,2023-02-20 20:56:58,Macchiato,0,1,1,1
410,2023-03-18 16:25:21,Croissant,1,1,0,1
411,2022-06-15 13:51:51,Baguette,1,1,1,0
412,2022-12-07 16:07:16,Espresso,1,1,0,0
413,2022-09-22 07:16:51,Espresso,1,0,0,1
414,2022-12-26 07:53:32,Dark Roast Coffee,1,0,1,1
415,2023-01-16 11:03:03,French Bread,0,0,0,0
416,2023-04-29 04:29:39,Baguette,0,0,0,0
417,2022-09-07 10:00:14,Espresso,1,0,0,1
418,2023-03-26 19:08:12,French Bread,1,0,1,1
419,2022-10-06 15:03:15,Cold Brew Coffee,0,0,1,0
420,2023-04-14 12:55:07,Macchiato,1,0,1,1
421,2023-02-13 22:56:51,Espresso,1,0,1,1
422,2023-02-13 03:37:19,Espresso,1,0,0,0
423,2022-07-25 23:17:34,Cold Brew Coffee,1,0,0,1
424,2023-04-30 23:38:15,Macchiato,1,1,0,1
425,2022-12-16 10:42:31,French Bread,1,1,0,0
426,2023-01-31 15:27:26,Cold Brew Coffee,0,0,1,1
427,2022-08-16 07:18:31,Dark Roast Coffee,1,0,0,0
428,2023-02-09 12:47:02,Macchiato,1,0,0,0
429,2022-09-28 14:45:51,Espresso,0,1,1,1
430,2022-09-11 19:51:22,Macchiato,1,1,0,1
431,2023-05-15 07:59:12,Croissant,1,1,0,0
432,2022-11-05 12:05:59,Espresso,0,1,0,0
433,2022-06-01 17:07:11,Cold Brew Coffee,0,1,1,1
434,2023-02-24 12:11:02,Macchiato,1,0,1,1
435,2022-08-10 17:51:07,Espresso,0,0,1,1
436,2023-04-25 17:34:05,Chocolate Chip Cookie,0,0,1,1
437,2022-08-19 20:33:06,Cinnamon Raisin Cookie,0,0,1,0
438,2023-04-08 05:15:17,Croissant,1,1,1,1
439,2022-06-25 01:01:50,Cold Brew Coffee,0,0,0,0
440,2022-06-04 06:18:24,Sugar Cookie,1,1,0,0
441,2022-05-29 17:52:19,Chocolate Chip Cookie,1,0,1,1
442,2023-01-16 07:42:15,Chocolate Chip Cookie,1,0,1,0
443,2022-11-01 16:11:02,Sugar Cookie,1,1,0,1
444,2023-01-28 18:38:05,Dark Roast Coffee,1,1,0,1
445,2022-07-15 00:04:31,Cinnamon Raisin Cookie,1,0,0,0
446,2023-01-09 20:17:49,Cold Brew Coffee,1,0,1,1
447,2022-07-10 00:32:20,Espresso,1,0,1,1
448,2022-09-10 12:42:11,Cold Brew Coffee,1,0,0,0
449,2022-09-25 07:32:13,Espresso,1,1,1,0
450,2022-09-18 18:49:10,Macchiato,0,1,0,0
451,2022-12-02 05:10:29,Espresso,1,0,0,1
452,2022-12-02 16:31:46,Sugar Cookie,0,0,0,0
453,2022-10-30 12:35:06,Cinnamon Raisin Cookie,0,1,1,0
454,2022-10-17 13:26:15,French Bread,0,0,1,0
455,2023-01-09 07:54:21,Croissant,0,0,0,0
456,2022-05-17 12:37:03,Croissant,1,0,0,1
457,2023-01-05 01:20:23,Macchiato,0,0,1,0
458,2022-07-28 17:53:46,Cold Brew Coffee,0,0,0,1
459,2023-01-25 07:52:23,Cold Brew Coffee,1,1,1,0
460,2023-05-14 09:02:08,Cold Brew Coffee,1,0,1,1
461,2022-06-20 08:50:46,Macchiato,1,1,0,1
462,2022-09-20 07:01:08,Cinnamon Raisin Cookie,0,1,0,1
463,2022-07-18 23:44:42,Espresso,1,1,0,1
464,2022-06-02 19:01:05,Cinnamon Raisin Cookie,1,1,0,0
465,2022-06-20 23:01:58,Dark Roast Coffee,1,0,1,1
466,2023-02-06 07:15:06,Dark Roast Coffee,0,0,0,1
467,2023-05-06 08:08:28,Dark Roast Coffee,1,0,0,0
468,2023-04-25 20:08:05,Espresso,1,0,1,1
469,2022-08-13 16:27:05,Espresso,1,0,0,0
470,2023-01-01 23:31:45,Dark Roast Coffee,0,0,1,1
471,2023-05-15 08:27:12,Cold Brew Coffee,1,1,0,0
472,2022-08-05 13:05:08,Espresso,1,1,1,0
473,2023-05-12 01:40:49,Dark Roast Coffee,0,1,1,1
474,2023-02-19 18:33:51,Espresso,0,1,1,1
475,2022-06-10 02:39:35,Dark Roast Coffee,1,1,0,0
476,2023-02-28 02:37:54,Dark Roast Coffee,1,1,1,0
477,2022-06-24 13:29:50,Dark Roast Coffee,0,0,1,1
478,2022-08-31 20:59:25,Dark Roast Coffee,0,1,1,1
479,2022-07-23 08:13:11,Dark Roast Coffee,1,0,0,1
480,2023-03-15 15:02:00,Cold Brew Coffee,1,1,0,0
481,2022-07-12 09:19:12,Macchiato,0,1,1,1
482,2023-04-16 22:57:57,Espresso,0,1,0,1
483,2022-11-26 23:49:46,Dark Roast Coffee,1,1,1,1
484,2022-11-20 16:29:36,Espresso,1,1,0,1
485,2022-11-04 02:44:45,Chocolate Chip Cookie,1,1,1,1
486,2022-07-29 07:04:59,Dark Roast Coffee,1,0,1,0
487,2023-02-12 19:30:21,Baguette,1,0,0,0
488,2022-08-03 14:23:24,Macchiato,0,0,1,1
489,2022-08-10 01:40:26,Chocolate Chip Cookie,0,0,0,1
490,2022-12-29 19:26:08,Chocolate Chip Cookie,1,0,1,0
491,2022-06-12 09:36:20,Croissant,0,0,1,0
492,2022-10-20 14:01:16,Espresso,1,1,0,0
493,2022-05-31 14:28:26,Baguette,0,1,1,1
494,2022-11-09 02:55:45,Baguette,0,0,0,1
495,2022-06-29 07:19:26,Espresso,1,1,1,1
496,2022-12-06 13:01:31,Sugar Cookie,0,1,0,0
497,2022-12-12 12:37:44,Cold Brew Coffee,0,0,0,0
498,2023-05-09 09:52:13,French Bread,1,0,0,1
499,2022-09-10 02:09:13,Macchiato,1,0,1,1
500,2023-05-06 15:02:47,Macchiato,0,0,1,0
501,2022-11-15 18:44:23,Cinnamon Raisin Cookie,1,0,0,0
502,2022-07-07 04:21:05,Macchiato,0,1,1,1
503,2022-10-05 01:56:16,Espresso,1,1,1,1
504,2023-02-19 14:44:01,Cold Brew Coffee,0,0,0,1
505,2022-12-28 18:18:57,Sugar Cookie,0,1,0,0
506,2023-02-20 15:22:47,French Bread,0,0,1,1
507,2022-07-17 07:32:42,Macchiato,1,0,1,1
508,2022-09-03 17:29:24,Croissant,1,0,1,1
509,2022-08-20 14:08:53,Chocolate Chip Cookie,1,1,1,0
510,2022-08-13 08:06:30,Espresso,1,1,0,1
511,2023-04-23 09:50:06,Espresso,0,1,0,0
512,2022-12-15 11:34:03,Cold Brew Coffee,1,0,1,1
513,2023-03-06 01:29:53,Chocolate Chip Cookie,1,1,1,0
514,2022-07-23 01:24:10,Croissant,1,1,0,0
515,2022-08-04 03:41:31,Chocolate Chip Cookie,1,0,1,1
516,2023-04-26 02:48:35,Macchiato,1,0,0,0
517,2022-06-25 21:06:22,Espresso,1,0,0,0
518,2022-08-29 10:46:05,Espresso,0,0,0,1
519,2022-06-22 20:03:51,Baguette,0,0,1,1
520,2022-06-05 09:12:21,Baguette,0,0,0,1
521,2023-04-05 21:28:01,Cold Brew Coffee,0,0,0,1
522,2022-11-04 14:11:59,French Bread,0,0,0,1
523,2022-11-02 22:35:52,Sugar Cookie,0,1,0,1
524,2023-05-05 13:17:16,Macchiato,1,0,1,0
525,2023-01-27 16:02:51,Espresso,1,0,0,1
526,2022-11-21 06:54:20,French Bread,0,1,1,1
527,2022-06-04 10:48:42,Espresso,0,1,1,0
528,2022-11-05 08:44:49,Sugar Cookie,0,0,1,1
529,2023-04-05 18:58:09,Sugar Cookie,1,1,1,1
530,2023-01-14 00:26:56,Macchiato,1,0,1,1
531,2023-03-21 19:18:55,Espresso,1,0,0,0
532,2022-10-08 19:03:45,Dark Roast Coffee,1,1,1,1
533,2023-01-12 07:22:30,Cold Brew Coffee,0,1,1,1
534,2022-11-30 22:07:27,Dark Roast Coffee,1,1,1,1
535,2022-10-27 18:04:38,Espresso,0,1,0,0
536,2022-08-11 19:37:22,Dark Roast Coffee,0,0,1,0
537,2023-01-04 16:00:06,Cold Brew Coffee,0,1,1,0
538,2023-03-16 14:15:20,Sugar Cookie,0,0,0,1
539,2022-06-22 14:05:00,Espresso,0,0,0,0
540,2022-09-15 04:52:14,Espresso,1,0,1,1
541,2023-04-24 11:41:01,Croissant,0,1,1,0
542,2023-03-04 18:27:54,Dark Roast Coffee,1,1,1,1
543,2023-02-25 16:58:21,Macchiato,0,1,1,1
544,2022-12-01 05:55:42,Cold Brew Coffee,0,1,1,1
545,2023-02-05 04:08:20,Espresso,1,0,1,1
546,2022-11-24 10:28:08,Cold Brew Coffee,1,1,1,0
547,2022-10-04 02:47:26,Chocolate Chip Cookie,0,1,0,0
548,2023-04-27 16:01:47,Croissant,1,1,1,0
549,2023-03-02 22:08:47,Chocolate Chip Cookie,0,1,1,1
550,2022-12-12 02:27:49,French Bread,0,0,1,1
551,2023-01-13 01:05:26,French Bread,0,0,0,0
552,2022-10-08 09:35:57,Croissant,1,1,0,1
553,2022-10-19 09:58:53,Dark Roast Coffee,0,0,1,1
554,2023-04-07 10:48:16,Dark Roast Coffee,1,0,0,0
555,2023-03-05 05:17:23,Macchiato,1,0,1,1
556,2022-08-14 23:31:33,Croissant,1,0,0,1
557,2023-04-01 18:37:10,Baguette,0,1,0,0
558,2022-06-03 19:33:27,French Bread,0,1,0,1
559,2022-09-19 09:33:12,Macchiato,1,0,0,0
560,2022-12-22 19:44:33,Cold Brew Coffee,1,1,0,0
561,2023-02-20 10:25:02,Cold Brew Coffee,0,1,0,0
562,2023-01-26 11:19:10,Croissant,0,1,1,1
563,2022-10-19 13:54:21,Chocolate Chip Cookie,1,0,1,1
564,2022-10-19 23:13:15,Dark Roast Coffee,1,1,1,0
565,2022-08-26 02:56:12,French Bread,1,0,0,0
566,2023-04-29 15:36:39,Espresso,0,0,1,1
567,2023-05-07 21:55:07,Cold Brew Coffee,0,0,0,0
568,2022-12-25 22:27:57,Dark Roast Coffee,1,1,1,1
569,2023-01-01 03:06:45,Cold Brew Coffee,1,0,0,1
570,2022-12-14 07:35:04,Chocolate Chip Cookie,0,0,1,1
571,2022-08-20 08:48:01,Espresso,0,0,1,1
572,2022-08-20 22:38:11,Baguette,1,1,1,0
573,2022-06-04 14:14:04,Baguette,0,1,0,1
574,2023-05-11 00:35:07,Baguette,1,0,1,1
575,2022-11-16 19:18:48,Cinnamon Raisin Cookie,0,0,0,1
576,2022-07-02 21:36:35,Cinnamon Raisin Cookie,0,0,0,1
577,2022-08-01 18:44:46,Sugar Cookie,0,1,0,0
578,2022-07-20 08:03:16,Espresso,1,1,1,0
579,2022-08-15 05:20:25,Macchiato,0,0,0,0
580,2023-02-14 17:17:44,Cold Brew Coffee,0,0,1,0
581,2022-06-10 02:41:56,Cold Brew Coffee,0,0,1,0
582,2023-02-22 22:21:11,French Bread,0,1,1,1
583,2022-11-02 05:56:42,French Bread,1,1,0,0
584,2023-05-14 08:05:54,French Bread,0,0,1,0
585,2022-11-03 07:31:32,Cinnamon Raisin Cookie,0,1,1,0
586,2023-01-11 14:14:29,Cold Brew Coffee,0,0,1,0
587,2022-06-19 08:16:51,Chocolate Chip Cookie,1,1,1,1
588,2023-04-11 11:39:59,Cold Brew Coffee,1,1,1,1
589,2023-01-09 01:09:49,Cold Brew Coffee,1,1,0,0
590,2023-02-15 21:22:39,Croissant,0,0,1,0
591,2023-05-11 05:10:07,Sugar Cookie,0,0,1,0
592,2022-08-30 09:13:11,Chocolate Chip Cookie,0,1,0,0
593,2022-10-14 05:30:45,Dark Roast Coffee,0,0,0,1
594,2022-09-20 10:02:31,Sugar Cookie,1,0,1,1
595,2023-01-01 02:00:03,Croissant,0,1,0,0
596,2023-03-30 07:22:52,Cinnamon Raisin Cookie,1,0,0,0
597,2022-11-06 13:34:06,Macchiato,1,0,1,1
598,2023-01-31 21:05:22,Cold Brew Coffee,1,1,0,0
599,2023-01-13 05:15:22,Cold Brew Coffee,1,0,0,1
600,2022-08-12 04:44:46,Chocolate Chip Cookie,1,1,1,1
601,2023-02-22 19:36:24,Macchiato,0,1,1,1
602,2022-11-14 08:34:11,Sugar Cookie,0,1,0,0
603,2022-11-12 08:47:03,Cold Brew Coffee,0,1,0,1
604,2022-11-09 20:56:14,Chocolate Chip Cookie,0,0,1,0
605,2023-05-08 10:09:40,Sugar Cookie,1,1,0,0
606,2022-08-31 21:13:24,Chocolate Chip Cookie,1,1,1,0
607,2023-04-29 03:47:33,Sugar Cookie,0,1,1,0
608,2022-06-11 14:42:38,Baguette,1,1,1,0
609,2022-06-15 00:54:24,Cold Brew Coffee,1,1,1,0
610,2023-02-27 13:23:32,Sugar Cookie,0,0,0,0
611,2022-10-06 16:23:20,Sugar Cookie,1,0,1,0
612,2022-11-15 07:45:08,Dark Roast Coffee,1,0,0,1
613,2023-01-28 18:39:52,Espresso,0,1,1,1
614,2023-01-05 00:24:20,Cold Brew Coffee,1,1,1,0
615,2022-12-08 17:37:50,Cold Brew Coffee,0,0,0,0
616,2023-01-30 15:58:30,Chocolate Chip Cookie,1,0,0,0
617,2023-03-21 17:06:50,Sugar Cookie,0,1,1,0
618,2023-03-04 11:16:13,Espresso,0,1,0,1
619,2022-10-14 07:37:41,Baguette,0,1,0,1
620,2022-11-22 02:11:14,Macchiato,1,0,0,1
621,2022-06-06 13:42:37,Cold Brew Coffee,1,1,0,0
622,2023-03-07 07:51:06,Croissant,1,1,1,1
623,2023-03-29 16:41:09,Macchiato,0,0,1,1
624,2022-09-23 00:06:53,Espresso,0,0,0,0
625,2022-08-23 12:22:17,Sugar Cookie,0,1,1,1
626,2023-04-21 10:31:13,Macchiato,1,0,0,0
627,2023-05-16 00:46:34,Dark Roast Coffee,1,1,1,1
628,2023-01-05 19:49:05,Croissant,0,0,0,0
629,2022-06-17 17:07:26,Espresso,1,1,0,1
630,2023-02-13 13:42:56,Dark Roast Coffee,1,0,0,1
631,2023-04-18 20:27:59,Cinnamon Raisin Cookie,0,0,0,0
632,2023-03-30 19:00:50,Cold Brew Coffee,1,1,1,1
633,2022-05-29 17:42:54,Cold Brew Coffee,1,1,0,0
634,2023-03-09 07:37:39,Macchiato,1,1,0,0
635,2023-01-03 13:40:50,Espresso,0,1,0,0
636,2023-02-22 03:56:52,Baguette,0,0,1,1
637,2023-05-12 07:35:57,Espresso,0,1,0,0
638,2023-05-01 20:00:03,Croissant,1,1,1,1
639,2023-01-11 11:01:35,Espresso,1,1,0,0
640,2022-08-03 23:18:43,Macchiato,0,1,0,0
641,2022-06-24 22:54:50,Chocolate Chip Cookie,0,0,0,1
642,2022-10-17 16:17:23,Espresso,0,1,0,1
643,2023-02-08 16:30:37,Dark Roast Coffee,1,0,0,0
644,2023-02-18 18:04:46,Macchiato,1,1,0,0
645,2022-08-28 20:25:05,Cinnamon Raisin Cookie,0,0,1,1
646,2022-11-16 19:04:05,Croissant,0,1,1,0
647,2022-07-22 22:01:15,Dark Roast Coffee,0,1,1,1
648,2022-08-21 09:33:16,Dark Roast Coffee,1,0,0,0
649,2023-04-02 09:49:38,Croissant,0,0,0,0
650,2022-12-09 01:21:26,Espresso,0,1,0,1
651,2023-02-24 23:56:20,Cold Brew Coffee,0,0,0,1
652,2022-07-17 01:27:20,Cold Brew Coffee,1,0,0,0
653,2023-04-07 09:59:35,Cold Brew Coffee,1,1,0,0
654,2023-01-26 11:55:27,Chocolate Chip Cookie,0,0,0,1
655,2022-11-26 01:43:31,Macchiato,0,0,1,0
656,2022-12-01 23:57:49,Dark Roast Coffee,1,1,1,0
657,2022-10-28 01:02:40,French Bread,1,1,0,0
658,2022-12-05 10:16:04,Chocolate Chip Cookie,1,1,0,1
659,2023-01-21 12:59:55,Chocolate Chip Cookie,1,0,1,0
660,2022-09-19 13:37:49,Croissant,0,1,0,1
661,2022-06-15 16:39:52,Baguette,1,0,0,1
662,2023-01-05 11:24:57,Chocolate Chip Cookie,0,1,0,1
663,2023-03-05 09:21:21,Cinnamon Raisin Cookie,1,1,0,0
664,2023-01-17 10:27:46,Macchiato,0,0,0,1
665,2022-07-25 07:49:10,Espresso,1,1,1,1
666,2022-10-27 15:55:32,Espresso,0,0,1,0
667,2022-12-25 09:31:53,Chocolate Chip Cookie,0,1,0,0
668,2023-03-31 08:52:30,Cinnamon Raisin Cookie,0,1,1,0
669,2023-04-05 09:03:46,Cold Brew Coffee,1,0,0,1
670,2022-06-10 23:08:32,Cinnamon Raisin Cookie,1,1,0,0
671,2023-01-29 20:20:02,Macchiato,1,1,1,0
672,2022-10-19 03:12:02,Croissant,0,1,1,0
673,2022-09-06 19:55:10,Dark Roast Coffee,0,1,0,1
674,2023-03-19 13:50:54,Macchiato,0,1,1,0
675,2022-08-08 12:48:10,Chocolate Chip Cookie,0,1,0,1
676,2022-06-26 08:57:44,Cold Brew Coffee,0,0,1,0
677,2022-12-03 01:25:17,Macchiato,1,0,1,0
678,2022-08-23 07:00:54,Chocolate Chip Cookie,0,0,1,1
679,2023-04-01 00:20:08,Espresso,1,1,0,1
680,2022-07-02 03:14:25,Dark Roast Coffee,0,1,0,0
681,2023-04-18 05:20:51,Macchiato,0,0,0,1
682,2022-06-10 20:55:24,Macchiato,0,0,1,0
683,2023-01-11 17:46:51,Espresso,0,1,1,1
684,2023-05-08 18:40:51,French Bread,0,0,0,0
685,2022-07-10 07:37:38,Cold Brew Coffee,1,1,0,0
686,2022-11-06 08:21:00,Baguette,0,1,0,0
687,2022-11-05 00:23:36,Croissant,0,1,0,1
688,2022-12-31 13:59:03,Cinnamon Raisin Cookie,0,1,1,0
689,2022-07-20 15:31:20,Chocolate Chip Cookie,1,0,0,1
690,2023-01-31 11:02:51,Macchiato,0,0,1,1
691,2023-04-25 09:14:40,Sugar Cookie,1,0,1,1
692,2023-02-13 12:27:14,Espresso,1,0,0,1
693,2022-09-22 11:37:11,Espresso,1,1,1,1
694,2022-05-24 01:27:08,French Bread,0,1,0,0
695,2022-06-07 06:15:03,Macchiato,1,1,0,0
696,2022-05-28 13:55:56,Baguette,1,0,1,1
697,2022-09-02 21:33:00,Espresso,0,0,1,0
698,2022-10-04 02:44:35,Croissant,1,1,1,1
699,2023-05-10 03:21:11,Dark Roast Coffee,0,0,1,1
700,2023-04-20 17:41:09,Espresso,1,0,0,0
701,2023-02-26 13:52:09,French Bread,0,0,1,1
702,2023-02-12 12:06:03,Croissant,0,1,1,1
703,2022-06-23 17:30:30,Baguette,1,1,0,0
704,2023-02-24 12:58:25,Chocolate Chip Cookie,0,0,1,0
705,2022-07-11 01:30:14,Baguette,0,1,1,0
706,2022-07-26 02:39:03,Baguette,1,1,0,1
707,2022-05-27 00:06:28,French Bread,1,0,0,1
708,2023-01-05 16:12:42,Dark Roast Coffee,1,1,1,0
709,2023-01-15 13:31:11,Croissant,1,1,1,0
710,2023-04-14 14:07:45,Dark Roast Coffee,0,1,0,1
711,2022-08-23 16:16:33,Cold Brew Coffee,0,0,1,0
712,2022-11-04 12:33:03,Cold Brew Coffee,0,0,1,0
713,2022-05-28 00:48:37,Espresso,1,1,0,1
714,2022-10-18 20:17:38,Sugar Cookie,1,0,0,0
715,2023-01-14 08:43:49,Macchiato,0,1,1,1
716,2023-04-17 12:33:34,Croissant,0,0,0,0
717,2022-12-07 21:22:07,Cold Brew Coffee,1,1,1,1
718,2023-02-22 03:41:25,Espresso,1,0,0,1
719,2023-01-28 18:23:19,Cold Brew Coffee,0,1,0,1
720,2022-05-30 06:22:14,Sugar Cookie,0,1,1,1
721,2023-01-20 19:31:33,Espresso,0,0,0,1
722,2023-01-08 04:26:33,Cinnamon Raisin Cookie,0,1,1,1
723,2023-03-29 19:35:11,Dark Roast Coffee,0,0,0,1
724,2022-07-17 11:18:42,Chocolate Chip Cookie,0,1,1,1
725,2022-07-01 10:31:47,Chocolate Chip Cookie,0,0,0,0
726,2023-03-15 17:39:23,Cinnamon Raisin Cookie,0,1,1,1
727,2022-11-11 21:47:38,Dark Roast Coffee,0,1,0,0
728,2022-12-25 04:05:05,Cold Brew Coffee,0,1,1,0
729,2023-04-30 17:27:13,Cinnamon Raisin Cookie,1,0,0,1
730,2023-05-14 04:23:04,Cold Brew Coffee,1,1,0,0
731,2023-04-12 14:19:40,Chocolate Chip Cookie,0,0,0,0
732,2023-05-06 03:46:14,Baguette,0,1,1,0
733,2022-05-24 17:38:30,Macchiato,1,1,0,1
734,2022-05-21 19:59:18,Espresso,0,0,1,1
735,2023-04-01 14:39:38,Chocolate Chip Cookie,0,0,1,0
736,2022-10-22 16:18:00,Cold Brew Coffee,0,0,1,1
737,2022-08-23 14:53:47,Chocolate Chip Cookie,0,1,1,1
738,2023-04-28 14:38:26,Baguette,0,1,0,0
739,2022-07-27 22:50:39,Baguette,1,1,1,1
740,2023-02-28 22:38:34,Espresso,0,1,1,1
741,2022-12-21 03:58:51,Baguette,1,0,0,1
742,2023-05-15 19:19:08,Espresso,0,1,0,0
743,2022-12-02 02:57:27,Cinnamon Raisin Cookie,0,1,0,1
744,2022-08-21 22:29:00,Chocolate Chip Cookie,1,0,1,0
745,2023-02-27 02:17:10,Espresso,0,1,1,1
746,2022-06-25 08:56:25,Espresso,0,1,0,1
747,2023-05-05 05:03:28,Croissant,0,1,0,1
748,2022-06-04 09:07:16,Baguette,1,1,0,1
749,2022-11-01 09:19:12,Espresso,0,0,1,0
750,2022-11-28 07:38:05,Espresso,1,1,1,0
751,2023-02-06 08:41:31,Macchiato,1,0,0,0
752,2022-05-30 14:20:17,Croissant,1,1,1,0
753,2023-03-09 13:41:28,Cold Brew Coffee,0,1,1,1
754,2022-09-02 11:14:32,French Bread,0,1,0,1
755,2022-12-02 02:34:48,Chocolate Chip Cookie,0,1,1,0
756,2022-10-13 21:14:36,Baguette,0,1,0,0
757,2022-06-06 18:36:29,Macchiato,0,1,0,0
758,2022-11-20 22:37:43,Dark Roast Coffee,1,1,0,1
759,2022-05-20 17:31:55,French Bread,1,0,0,0
760,2022-05-19 02:53:10,Cold Brew Coffee,0,0,0,0
761,2023-04-08 00:24:25,Sugar Cookie,1,1,1,0
762,2022-06-29 13:45:02,Dark Roast Coffee,1,0,0,1
763,2022-12-10 00:42:42,Macchiato,0,1,0,1
764,2022-10-01 04:28:05,Cold Brew Coffee,0,0,0,0
765,2022-11-04 00:14:53,Sugar Cookie,0,1,1,0
766,2023-01-21 11:33:34,Cold Brew Coffee,1,0,0,1
767,2022-10-01 01:02:58,Dark Roast Coffee,0,1,0,1
768,2022-12-26 03:34:07,Cold Brew Coffee,1,1,1,1
769,2022-08-30 16:37:14,Baguette,0,0,0,1
770,2022-07-25 17:00:46,Cold Brew Coffee,1,0,0,0
771,2023-05-14 12:24:41,Espresso,0,0,1,0
772,2022-08-31 01:02:21,Macchiato,1,0,1,1
773,2022-10-20 20:04:55,Dark Roast Coffee,0,0,0,1
774,2022-11-02 12:41:17,Macchiato,1,0,1,1
775,2023-04-03 11:47:52,Baguette,1,1,1,1
776,2022-05-31 08:11:18,Cold Brew Coffee,0,0,0,0
777,2022-08-11 05:57:03,Cold Brew Coffee,1,1,1,1
778,2022-07-09 07:34:09,Macchiato,1,0,0,0
779,2023-03-08 10:23:23,French Bread,0,1,0,1
780,2023-02-24 00:52:41,Dark Roast Coffee,0,0,1,1
781,2023-01-02 17:41:48,Baguette,0,0,0,0
782,2022-08-15 03:46:30,Cinnamon Raisin Cookie,1,1,1,1
783,2022-11-07 05:17:48,Baguette,1,0,0,1
784,2022-08-25 06:40:49,Croissant,0,0,0,0
785,2023-05-11 00:55:33,Cold Brew Coffee,1,1,1,1
786,2023-04-28 13:22:05,Espresso,1,1,0,1
787,2023-04-30 21:00:25,Baguette,0,1,1,1
788,2022-08-06 14:21:31,Chocolate Chip Cookie,1,0,1,0
789,2023-05-04 01:45:32,Croissant,0,0,0,1
790,2022-08-10 15:09:28,Macchiato,0,0,0,0
791,2022-10-06 13:03:39,Espresso,1,0,0,0
792,2022-10-17 05:29:01,Cold Brew Coffee,1,1,1,1
793,2023-04-14 13:40:37,Dark Roast Coffee,1,0,0,1
794,2022-08-22 07:09:15,Macchiato,0,1,0,0
795,2022-09-23 06:15:07,Chocolate Chip Cookie,0,0,1,1
796,2022-06-02 13:30:37,Croissant,0,1,0,0
797,2023-05-12 19:28:18,Sugar Cookie,1,0,1,1
798,2022-12-22 21:34:08,Macchiato,1,1,0,0
799,2022-09-07 22:51:30,Croissant,0,0,1,0
800,2022-09-29 04:05:40,Chocolate Chip Cookie,1,0,1,0
801,2023-01-26 15:38:59,Cold Brew Coffee,0,0,0,1
802,2023-05-02 08:03:22,Cinnamon Raisin Cookie,1,0,0,1
803,2022-10-01 03:12:45,Dark Roast Coffee,0,0,0,1
804,2022-09-26 09:00:14,Baguette,1,0,0,1
805,2022-05-31 02:35:42,Croissant,1,1,1,0
806,2022-09-25 20:28:38,Croissant,1,0,1,1
807,2023-01-13 15:15:38,Macchiato,1,1,1,0
808,2022-09-25 16:00:58,Baguette,1,1,1,1
809,2023-01-22 20:29:36,French Bread,0,0,0,0
810,2022-07-15 00:56:35,French Bread,0,1,0,1
811,2022-06-19 09:14:40,Sugar Cookie,0,0,1,0
812,2023-02-17 23:09:39,Dark Roast Coffee,1,0,1,1
813,2022-09-15 18:04:11,Cinnamon Raisin Cookie,0,1,0,1
814,2023-05-02 18:44:48,Chocolate Chip Cookie,1,0,1,0
815,2022-07-29 12:48:58,Croissant,1,1,0,1
816,2023-04-27 13:46:08,Dark Roast Coffee,1,1,1,0
817,2022-12-05 00:23:32,Chocolate Chip Cookie,0,0,1,1
818,2023-03-04 08:41:29,Cold Brew Coffee,0,1,0,1
819,2022-11-21 06:57:12,Chocolate Chip Cookie,1,1,0,0
820,2022-12-25 07:26:46,Chocolate Chip Cookie,1,0,0,0
821,2022-10-23 14:34:18,French Bread,0,0,1,0
822,2022-07-05 01:46:37,Croissant,0,0,0,0
823,2023-04-10 04:38:52,Macchiato,0,0,1,0
824,2022-06-20 21:16:09,Macchiato,0,1,1,0
825,2022-11-10 14:05:11,Dark Roast Coffee,1,1,1,1
826,2023-02-17 12:53:31,Baguette,1,1,1,0
827,2022-09-25 16:16:40,Espresso,1,1,0,0
828,2023-01-21 06:36:05,Dark Roast Coffee,1,1,1,0
829,2023-01-27 20:40:58,Cold Brew Coffee,1,0,1,0
830,2023-04-05 01:07:55,Cold Brew Coffee,1,1,0,1
831,2023-01-08 03:15:07,French Bread,0,1,1,0
832,2023-01-04 02:30:27,Dark Roast Coffee,0,1,0,0
833,2023-02-04 04:12:52,Dark Roast Coffee,0,1,1,0
834,2023-04-20 03:03:25,Dark Roast Coffee,1,1,1,0
835,2022-09-02 19:29:11,Espresso,0,1,0,1
836,2022-12-21 09:23:06,Dark Roast Coffee,1,0,0,0
837,2022-11-13 17:10:49,Dark Roast Coffee,1,0,1,0
838,2022-05-25 10:02:00,Macchiato,0,1,0,0
839,2022-06-06 20:28:57,Baguette,0,1,1,1
840,2022-06-07 20:41:11,Espresso,1,1,1,1
841,2023-02-20 23:03:48,Espresso,1,0,1,0
842,2022-06-19 07:04:50,Chocolate Chip Cookie,0,1,0,1
843,2023-01-06 11:32:14,Cinnamon Raisin Cookie,1,1,0,0
844,2022-09-07 15:51:22,Macchiato,1,1,1,1
845,2022-12-21 06:36:15,Chocolate Chip Cookie,1,0,1,1
846,2023-04-17 14:24:15,Cold Brew Coffee,0,1,1,1
847,2022-09-15 06:15:29,Baguette,0,0,0,0
848,2022-06-02 03:48:51,Cinnamon Raisin Cookie,0,0,1,1
849,2022-06-28 03:48:41,Cold Brew Coffee,1,1,0,0
850,2023-02-16 05:08:18,Espresso,0,1,1,0
851,2022-05-17 08:20:09,Macchiato,0,1,0,0
852,2023-02-14 23:39:08,Cold Brew Coffee,0,1,0,0
853,2022-07-23 16:38:06,Cold Brew Coffee,1,1,1,0
854,2023-02-09 08:10:47,Dark Roast Coffee,1,1,0,0
855,2022-10-09 16:09:48,Macchiato,1,1,0,0
856,2022-09-11 06:01:56,Croissant,0,1,1,1
857,2022-07-18 19:36:53,Croissant,1,0,0,0
858,2023-04-28 07:30:27,Espresso,0,0,1,1
859,2022-12-21 21:41:41,Chocolate Chip Cookie,0,0,1,0
860,2022-12-03 03:59:12,Espresso,0,0,1,0
861,2022-07-02 18:07:19,Cinnamon Raisin Cookie,1,1,0,0
862,2022-11-03 13:53:38,Cold Brew Coffee,1,1,0,1
863,2023-04-07 03:49:16,Macchiato,0,0,0,1
864,2023-02-07 07:15:20,Sugar Cookie,0,0,1,1
865,2023-03-24 07:09:51,Cold Brew Coffee,0,0,1,0
866,2022-12-19 23:16:33,Cold Brew Coffee,1,1,1,1
867,2023-04-13 23:36:36,Dark Roast Coffee,0,0,1,1
868,2023-04-11 20:16:04,Cold Brew Coffee,0,1,0,1
869,2023-05-02 03:31:04,Macchiato,1,0,0,1
870,2023-02-22 20:52:13,Sugar Cookie,1,1,1,1
871,2023-01-12 19:10:29,Cold Brew Coffee,1,0,0,0
872,2023-03-13 09:12:49,Baguette,0,1,1,1
873,2022-12-26 06:14:25,Dark Roast Coffee,0,0,1,0
874,2022-07-15 18:33:27,Espresso,1,0,1,1
875,2022-08-17 13:46:58,Espresso,1,0,0,0
876,2022-07-22 17:16:09,Dark Roast Coffee,0,1,1,0
877,2023-03-15 04:51:58,Cold Brew Coffee,1,0,1,0
878,2023-02-14 13:56:53,French Bread,0,1,0,1
879,2022-06-23 11:39:53,Espresso,1,0,1,1
880,2022-08-06 00:00:06,Macchiato,0,0,0,0
881,2022-09-30 18:22:31,Chocolate Chip Cookie,1,1,0,0
882,2022-06-28 04:50:57,Sugar Cookie,1,0,1,1
883,2022-11-30 11:56:26,Croissant,1,0,0,1
884,2022-12-30 12:17:59,Cinnamon Raisin Cookie,1,0,0,0
885,2022-07-19 17:11:06,French Bread,1,1,0,1
886,2023-03-10 01:13:48,Cold Brew Coffee,1,0,1,0
887,2022-09-09 01:44:32,Baguette,1,1,0,0
888,2022-11-19 21:11:58,Chocolate Chip Cookie,1,1,1,1
889,2023-05-02 07:23:18,Dark Roast Coffee,1,0,1,1
890,2023-02-23 15:27:09,French Bread,1,1,0,0
891,2022-11-05 07:50:31,Dark Roast Coffee,0,1,1,0
892,2022-12-17 05:12:10,French Bread,0,1,0,1
893,2023-02-17 12:59:55,Cold Brew Coffee,1,0,0,0
894,2022-12-08 02:40:57,Cold Brew Coffee,1,1,1,0
895,2022-09-12 04:36:47,Dark Roast Coffee,1,0,0,1
896,2023-02-22 14:27:26,Chocolate Chip Cookie,0,0,1,1
897,2023-03-02 03:14:50,Cinnamon Raisin Cookie,0,0,1,0
898,2022-07-19 06:22:08,Chocolate Chip Cookie,0,1,0,1
899,2022-09-19 13:47:40,Macchiato,0,0,1,1
900,2022-12-31 05:49:57,Baguette,0,0,1,1
901,2023-04-16 22:33:45,Chocolate Chip Cookie,0,0,1,1
902,2022-11-26 13:03:47,Baguette,1,1,1,0
903,2022-10-07 01:46:52,Espresso,0,0,0,0
904,2022-10-24 02:02:10,Sugar Cookie,0,0,0,1
905,2023-01-18 04:06:52,Dark Roast Coffee,0,0,1,1
906,2022-05-30 21:34:52,Baguette,0,0,1,0
907,2022-11-06 03:54:00,Macchiato,1,1,1,0
908,2022-05-26 14:23:35,Sugar Cookie,1,1,0,1
909,2022-08-12 11:31:15,Macchiato,0,1,0,1
910,2023-02-24 04:22:59,Dark Roast Coffee,1,1,0,0
911,2022-11-09 11:32:20,Chocolate Chip Cookie,0,1,0,1
912,2022-09-13 02:44:10,Dark Roast Coffee,0,0,0,0
913,2022-12-21 05:42:40,Croissant,0,1,0,1
914,2022-09-11 16:39:39,Chocolate Chip Cookie,0,0,0,1
915,2022-12-31 03:11:21,Baguette,1,1,0,1
916,2022-08-10 03:59:23,Chocolate Chip Cookie,0,0,1,1
917,2022-09-13 08:03:20,Dark Roast Coffee,0,0,0,1
918,2022-11-04 05:49:01,Baguette,1,0,0,1
919,2023-05-10 20:09:30,French Bread,0,1,0,0
920,2022-06-01 21:41:22,Espresso,0,0,0,1
921,2022-12-16 11:00:00,Baguette,0,0,0,0
922,2022-11-05 03:01:11,Macchiato,1,0,1,1
923,2023-04-02 00:17:07,Dark Roast Coffee,1,1,1,0
924,2022-11-30 21:47:10,Macchiato,0,1,1,0
925,2022-09-18 18:55:33,Dark Roast Coffee,1,0,1,0
926,2022-10-29 12:17:55,French Bread,0,0,0,1
927,2022-07-28 11:27:05,Baguette,1,0,1,0
928,2022-07-10 11:19:16,Chocolate Chip Cookie,0,0,0,1
929,2023-01-06 21:51:50,Dark Roast Coffee,0,1,0,1
930,2023-01-14 21:26:29,Cinnamon Raisin Cookie,1,0,1,0
931,2022-06-25 09:11:55,Chocolate Chip Cookie,1,0,1,1
932,2022-06-24 04:43:49,Cold Brew Coffee,1,1,0,0
933,2023-03-31 06:18:22,Dark Roast Coffee,0,0,0,0
934,2022-12-18 10:50:57,Macchiato,1,0,0,0
935,2022-08-18 08:14:54,Macchiato,0,0,1,0
936,2023-02-11 05:07:20,Macchiato,0,0,1,0
937,2023-03-03 02:28:47,Dark Roast Coffee,1,0,0,0
938,2022-10-24 06:48:16,Dark Roast Coffee,1,0,1,0
939,2022-05-26 01:05:18,Macchiato,1,1,1,1
940,2022-11-25 16:41:33,Cold Brew Coffee,1,0,0,0
941,2022-08-27 11:24:54,Espresso,0,0,1,1
942,2022-09-23 04:17:57,Cold Brew Coffee,0,0,1,1
943,2022-07-18 06:01:23,Espresso,1,0,0,0
944,2022-05-29 16:19:57,Chocolate Chip Cookie,1,1,0,0
945,2022-08-23 04:57:24,Baguette,0,1,0,1
946,2022-10-25 17:47:10,Croissant,0,0,0,1
947,2022-06-08 23:47:19,Macchiato,1,1,1,0
948,2022-06-28 02:39:46,Baguette,0,0,0,1
949,2022-12-19 10:07:45,Cinnamon Raisin Cookie,0,0,0,0
950,2022-09-21 11:41:11,Dark Roast Coffee,1,1,1,1
951,2022-12-28 16:52:53,Espresso,0,1,1,0
952,2022-10-24 10:22:19,Baguette,0,1,0,1
953,2022-10-12 20:41:20,French Bread,1,1,0,1
954,2023-03-22 03:49:49,Chocolate Chip Cookie,1,0,0,1
955,2022-06-10 20:37:26,Dark Roast Coffee,0,1,0,0
956,2022-07-03 14:24:52,Cold Brew Coffee,0,0,0,0
957,2022-06-02 22:31:52,Chocolate Chip Cookie,1,0,1,0
958,2022-12-28 06:09:15,Macchiato,0,1,0,0
959,2023-03-31 15:36:09,Cold Brew Coffee,0,1,0,0
960,2022-10-06 20:38:37,Sugar Cookie,0,0,1,1
961,2022-07-24 03:56:50,Macchiato,0,1,0,0
962,2022-09-22 18:50:33,Croissant,1,0,0,0
963,2022-12-05 17:37:20,Macchiato,1,1,0,0
964,2022-09-29 19:08:17,Baguette,0,1,1,1
965,2022-08-31 23:06:58,Macchiato,1,0,1,1
966,2023-01-02 23:13:57,Dark Roast Coffee,1,0,1,0
967,2022-08-13 03:21:04,Baguette,0,0,1,1
968,2022-08-10 20:55:41,Cinnamon Raisin Cookie,0,1,1,0
969,2023-03-21 17:25:29,Macchiato,1,1,0,0
970,2022-07-27 22:53:07,Macchiato,1,0,1,0
971,2022-08-25 20:22:42,French Bread,1,0,0,1
972,2023-02-15 01:50:26,Cold Brew Coffee,1,0,1,0
973,2023-03-15 16:31:15,Baguette,0,0,0,0
974,2022-08-27 21:22:57,Baguette,0,0,0,0
975,2023-02-23 16:49:16,Dark Roast Coffee,0,1,0,0
976,2023-03-10 08:38:52,Macchiato,1,0,1,0
977,2022-10-24 12:23:11,Cold Brew Coffee,0,1,0,0
978,2022-11-05 16:12:47,Cold Brew Coffee,1,0,0,1
979,2023-03-07 09:32:22,Cinnamon Raisin Cookie,1,1,1,0
980,2023-02-11 12:41:24,Sugar Cookie,1,1,1,1
981,2023-03-30 17:38:43,Chocolate Chip Cookie,0,0,0,0
982,2022-07-02 09:07:57,French Bread,1,0,1,0
983,2022-11-23 08:50:29,Macchiato,0,0,1,1
984,2022-10-13 03:11:21,Cinnamon Raisin Cookie,1,0,0,0
985,2022-05-19 16:30:00,Cinnamon Raisin Cookie,1,1,1,1
986,2022-08-05 00:46:12,Dark Roast Coffee,1,0,0,1
987,2023-03-06 18:13:03,Dark Roast Coffee,1,1,0,1
988,2022-09-19 02:57:48,Croissant,0,0,1,0
989,2023-04-04 12:11:33,French Bread,1,0,1,1
990,2022-09-12 18:54:38,Cold Brew Coffee,0,1,0,0
991,2022-11-17 11:18:51,Chocolate Chip Cookie,1,1,1,1
992,2023-02-26 02:35:41,Macchiato,0,1,1,0
993,2023-03-09 01:40:39,Sugar Cookie,1,1,1,0
994,2022-08-24 04:50:12,Espresso,1,1,1,0
995,2022-08-29 21:00:54,Baguette,1,1,1,1
996,2022-08-20 06:16:02,Cinnamon Raisin Cookie,1,1,1,1
997,2022-08-05 21:36:08,Espresso,1,0,0,0
998,2022-06-30 16:43:14,Dark Roast Coffee,1,0,1,1
999,2023-01-13 13:53:31,Dark Roast Coffee,1,0,0,1
1000,2023-03-11 12:13:54,Sugar Cookie,1,1,1,1
